{
    "mean_iou": 1.0,
    "mean_dice": 1.0,
    "train_loss": 0.019988071769475937,
    "val_loss": 0.017612001299858092
}