{
    "mean_iou": 1.0,
    "mean_dice": 1.0,
    "train_loss": 0.02761604480445385,
    "val_loss": 0.02544706128537655
}